from_pro_com,from_comune,from_id_school,from_name,from_address,latitude_school,longitude_school,to,latitude_to,longitude_to,to_kind,to_comune,to_pro_com,distance,travel_time
94012,Castel San Vincenzo,ISAA815099,CASTEL SAN VINCENZO,PIAZZA SAN PIETRO,41.656399594963,14.062643463133,17926,41.6246263,14.0862606,village,Rocchetta a Volturno,94042,5961.23,612986
94017,Colli a Volturno,ISAA81519R,SCUOLA INFANZIA DI COLLI A VOLTURNO,Non Disponibile,41.59937,14.10582,17926,41.6246263,14.0862606,village,Rocchetta a Volturno,94042,4269.355,421180
94017,Colli a Volturno,IS1A00100L,SANTA MARIA ASSUNTA,VIA RISORGIMENTO N. 10,41.59905999042,14.103479969363,17926,41.6246263,14.0862606,village,Rocchetta a Volturno,94042,4100.515,414549
94048,Scapoli,ISAA81512D,SCUOLA DELL'INFANZIA SCAPOLI,VIA TERTAGLIONE,41.613223318938,14.058736054511,17926,41.6246263,14.0862606,village,Rocchetta a Volturno,94042,4398.893,541042
94019,Filignano,ISAA82504P,FILIGNANO CAPOLUOGO,VIA MILANO,41.578135,14.017191848,17926,41.6246263,14.0862606,village,Rocchetta a Volturno,94042,17013.547,1644320
94014,Cerro al Volturno,ISAA815066,CERRO AL VOLTURNO,VIA ALDO MORO,41.651880968,14.11534,17926,41.6246263,14.0862606,village,Rocchetta a Volturno,94042,8553.198,736935
94042,Rocchetta a Volturno,ISAA815077,ROCCHETTA AL VOLTURNO,VIALE SANDRO PERTINI,41.625654951994,14.086944661194,17926,41.6246263,14.0862606,village,Rocchetta a Volturno,94042,181.068,18966
94050,Sesto Campano,ISAA83203R,SESTO CAMPANO TAVERNA,Non Disponibile,41.42443,14.058617419,12005,41.483425,14.045112,town,Venafro,94052,6373.179,456755
94038,Pozzilli,ISAA82505Q,FRANCESCO IOVINE,VIA DEL CARABINIERE SNC,41.51322,14.07991684,12005,41.483425,14.045112,town,Venafro,94052,5677.401,570241
94038,Pozzilli,IS1A00600Q,MARIA AUSILIATRICE,PIAZZA G. PEPE N. 2,41.512902304589,14.061527492317,12005,41.483425,14.045112,town,Venafro,94052,4278.906,427828
94052,Venafro,ISAA82501G,VENAFRO CEPPAGNA,STRADA PROVINCIALE NUNZIATA LUNGA,41.452145951499,14.012521665573,12005,41.483425,14.045112,town,Venafro,94052,5728.707,427340
94052,Venafro,ISAA83201P,DON GIULIO TESTA,VIA MACHIAVELLI,41.481069016211,14.050282580498,12005,41.483425,14.045112,town,Venafro,94052,583.411,66630
94052,Venafro,ISAA83202Q,"CAMPO SCUOLA""CAMELOT""",VIA MACHIAVELLI,41.481069016211,14.050282580498,12005,41.483425,14.045112,town,Venafro,94052,583.411,66630
94002,Agnone,ISAA82901V,SCUOLA DELL'INFANZIA P. MICCA,VIA PIETRO MICCA N. 4,41.806410002432,14.368750021965,11992,41.8789709,14.2933199,village,Pescopennataro,94033,14863.435,941023
94002,Agnone,ISAA829031,AGNONE PIAZZA DEL POPOLO,PIAZZA DEL POPOLO 31/A,41.80723000402,14.372939967724,11992,41.8789709,14.2933199,village,Pescopennataro,94033,14809.014,930328
94006,Capracotta,ISAA81204L,CAPRACOTTA,VIA NICOLA FALCONI,41.833850002035,14.265390032626,11992,41.8789709,14.2933199,village,Pescopennataro,94033,9067.912,752827
94002,Agnone,ISAA82901V,SCUOLA DELL'INFANZIA P. MICCA,VIA PIETRO MICCA N. 4,41.806410002432,14.368750021965,11980,41.7788339,14.4141996,village,Poggio Sannita,94037,9589.806,655706
94002,Agnone,ISAA829031,AGNONE PIAZZA DEL POPOLO,PIAZZA DEL POPOLO 31/A,41.80723000402,14.372939967724,11980,41.7788339,14.4141996,village,Poggio Sannita,94037,9535.385,645011
94016,Civitanova del Sannio,ISAA82601B,CIVITANOVA DEL SANNIO,VIA CARDARELLI,41.667770679152,14.403741022449,11980,41.7788339,14.4141996,village,Poggio Sannita,94037,22766.17,1437111
94037,Poggio Sannita,ISAA829064,POGGIO SANNITA CAPOLUOGO,VIA EDIFICI SCOLASTICI,41.771245,14.431289741,11980,41.7788339,14.4141996,village,Poggio Sannita,94037,7733.218,899961
94029,Montenero Val Cocchiara,ISAA81513E,IOVINE - MONTENERO V.,VIA NOSTRA SIGNORA DI LOURDES,41.712588199795,14.072576632443,18434,41.6669361,14.035567,village,Pizzone,94036,13476.93,1246579
94012,Castel San Vincenzo,ISAA815099,CASTEL SAN VINCENZO,PIAZZA SAN PIETRO,41.656399594963,14.062643463133,18434,41.6669361,14.035567,village,Pizzone,94036,4077.909,554824
94036,Pizzone,ISAA81511C,SCUOLA INFANZIA PIZZONE,PIAZZA MUNICIPIO 1,41.666820008153,14.035740026289,18434,41.6669361,14.035567,village,Pizzone,94036,1034.53,231859
94002,Agnone,ISAA82901V,SCUOLA DELL'INFANZIA P. MICCA,VIA PIETRO MICCA N. 4,41.806410002432,14.368750021965,11979,41.747129,14.384421,village,Pietrabbondante,94035,15965.784,1201499
94002,Agnone,ISAA829031,AGNONE PIAZZA DEL POPOLO,PIAZZA DEL POPOLO 31/A,41.80723000402,14.372939967724,11979,41.747129,14.384421,village,Pietrabbondante,94035,15308.524,1206266
94037,Poggio Sannita,ISAA829064,POGGIO SANNITA CAPOLUOGO,VIA EDIFICI SCOLASTICI,41.771245,14.431289741,11979,41.747129,14.384421,village,Pietrabbondante,94035,16214.198,1801965
94016,Civitanova del Sannio,ISAA82601B,CIVITANOVA DEL SANNIO,VIA CARDARELLI,41.667770679152,14.403741022449,11979,41.747129,14.384421,village,Pietrabbondante,94035,13220.237,891013
94032,Pescolanciano,ISAA81205N,PESCOLANCIANO,VIA CAIROLI,41.67846431041,14.335948314902,11979,41.747129,14.384421,village,Pietrabbondante,94035,12603.735,770773
94002,Agnone,ISAA82901V,SCUOLA DELL'INFANZIA P. MICCA,VIA PIETRO MICCA N. 4,41.806410002432,14.368750021965,11974,41.774129,14.260418,village,Vastogirardi,94051,15566.619,1394798
94002,Agnone,ISAA829031,AGNONE PIAZZA DEL POPOLO,PIAZZA DEL POPOLO 31/A,41.80723000402,14.372939967724,11974,41.774129,14.260418,village,Vastogirardi,94051,15512.198,1384103
94039,Rionero Sannitico,ISAA81510B,RIONERO SANNITICO,VIA ROMA,41.712086950807,14.140270549316,11974,41.774129,14.260418,village,Vastogirardi,94051,33680.324,2011681
94007,Carovilli,ISAA81202E,S.STEFANO L. CAROVILLI,VIA DEI FRATTARI,41.714497531032,14.292590602294,11974,41.774129,14.260418,village,Vastogirardi,94051,11120.217,895790
94020,Forlì del Sannio,ISAA81206P,MATERNA FORLI'DEL SANNIO,VIA MILANO,41.697569677958,14.175410355218,11974,41.774129,14.260418,village,Vastogirardi,94051,25955.828,1943605
94006,Capracotta,ISAA81204L,CAPRACOTTA,VIA NICOLA FALCONI,41.833850002035,14.265390032626,11974,41.774129,14.260418,village,Vastogirardi,94051,14129.771,741377
94041,Roccasicura,ISAA81208R,SCUOLA INFANZIA ROCCASICURA,VIA S.ANTONIO,41.697183509082,14.233549518275,11974,41.774129,14.260418,village,Vastogirardi,94051,16950.675,1267079
94043,San Pietro Avellana,IS1A01000B,G. COLAIANNI,VIA ALFIERI N. 13,41.789356325401,14.182703960983,11974,41.774129,14.260418,village,Vastogirardi,94051,11155.76,699766
94051,Vastogirardi,IS1A011007,PASQUALA SCOCCHERA,VIA 18 SETTEMBRE,41.773064665324,14.259893083258,11974,41.774129,14.260418,village,Vastogirardi,94051,154.255,20153
94002,Agnone,ISAA82901V,SCUOLA DELL'INFANZIA P. MICCA,VIA PIETRO MICCA N. 4,41.806410002432,14.368750021965,11966,41.678427,14.337221,village,Pescolanciano,94032,26792.466,1393929
94002,Agnone,ISAA829031,AGNONE PIAZZA DEL POPOLO,PIAZZA DEL POPOLO 31/A,41.80723000402,14.372939967724,11966,41.678427,14.337221,village,Pescolanciano,94032,26738.045,1383234
94007,Carovilli,ISAA81202E,S.STEFANO L. CAROVILLI,VIA DEI FRATTARI,41.714497531032,14.292590602294,11966,41.678427,14.337221,village,Pescolanciano,94032,7032.382,448217
94027,Miranda,ISAA81207Q,SCUOLA MATERNA STATALE MIRANDA,VIA PROVINCIALE,41.644790921072,14.246632317508,11966,41.678427,14.337221,village,Pescolanciano,94032,18062.811,1251550
94016,Civitanova del Sannio,ISAA82601B,CIVITANOVA DEL SANNIO,VIA CARDARELLI,41.667770679152,14.403741022449,11966,41.678427,14.337221,village,Pescolanciano,94032,11008.185,878783
94032,Pescolanciano,ISAA81205N,PESCOLANCIANO,VIA CAIROLI,41.67846431041,14.335948314902,11966,41.678427,14.337221,village,Pescolanciano,94032,146.149,13786
94030,Monteroduni,ISAA835016,MONTERODUNI S.EUSANIO,VIA COLLE DELLE API,41.531524358654,14.152276092636,11999,41.511422,14.062517,village,Pozzilli,94038,10549.213,658297
94030,Monteroduni,IS1A004004,MARIA SANTISSIMA ADDOLORATA,VIA DEL SOLE N. 1,41.522796215099,14.173371515408,11999,41.511422,14.062517,village,Pozzilli,94038,13367.794,927937
94052,Venafro,ISAA82501G,VENAFRO CEPPAGNA,STRADA PROVINCIALE NUNZIATA LUNGA,41.452145951499,14.012521665573,11999,41.511422,14.062517,village,Pozzilli,94038,9698.661,825091
94052,Venafro,ISAA83201P,DON GIULIO TESTA,VIA MACHIAVELLI,41.481069016211,14.050282580498,11999,41.511422,14.062517,village,Pozzilli,94038,4340.008,453335
94052,Venafro,ISAA83202Q,"CAMPO SCUOLA""CAMELOT""",VIA MACHIAVELLI,41.481069016211,14.050282580498,11999,41.511422,14.062517,village,Pozzilli,94038,4340.008,453335
94019,Filignano,ISAA82504P,FILIGNANO CAPOLUOGO,VIA MILANO,41.578135,14.017191848,11999,41.511422,14.062517,village,Pozzilli,94038,16448.954,1535038
94028,Montaquila,ISAA81517P,SC. MAT. STAT. MONTAQUILA CAP.,VIA MASSERIE LA CORTE,41.547459698784,14.120522489154,11999,41.511422,14.062517,village,Pozzilli,94038,11299.551,756207
94028,Montaquila,ISAA81518Q,MONTAQUILA ROCCARAVINDOLA,VIA STARZE,41.525055851691,14.122165386814,11999,41.511422,14.062517,village,Pozzilli,94038,8707.555,627439
94038,Pozzilli,ISAA82505Q,FRANCESCO IOVINE,VIA DEL CARABINIERE SNC,41.51322,14.07991684,11999,41.511422,14.062517,village,Pozzilli,94038,1887.724,251867
94038,Pozzilli,IS1A00600Q,MARIA AUSILIATRICE,PIAZZA G. PEPE N. 2,41.512902304589,14.061527492317,11999,41.511422,14.062517,village,Pozzilli,94038,257.323,27933
94052,Venafro,ISAA82501G,VENAFRO CEPPAGNA,STRADA PROVINCIALE NUNZIATA LUNGA,41.452145951499,14.012521665573,11973,41.42042,14.077819,village,Sesto Campano,94050,11450.584,1272515
94052,Venafro,ISAA83201P,DON GIULIO TESTA,VIA MACHIAVELLI,41.481069016211,14.050282580498,11973,41.42042,14.077819,village,Sesto Campano,94050,8681.574,704302
94052,Venafro,ISAA83202Q,"CAMPO SCUOLA""CAMELOT""",VIA MACHIAVELLI,41.481069016211,14.050282580498,11973,41.42042,14.077819,village,Sesto Campano,94050,8681.574,704302
94050,Sesto Campano,ISAA83203R,SESTO CAMPANO TAVERNA,Non Disponibile,41.42443,14.058617419,11973,41.42042,14.077819,village,Sesto Campano,94050,2569.799,257265
94031,Pesche,ISAA81209T,PESCHE CAPOLUOGO,VIA GIOVANNI XXIII,41.609198521856,14.276984192387,12006,41.6381618,14.3315648,village,Sessano del Molise,94049,9612.226,687849
94031,Pesche,IS1A00800B,MARIA IMMACOLATA,VIA S. CHIARA 3,41.610109979105,14.281990031843,12006,41.6381618,14.3315648,village,Sessano del Molise,94049,9504.45,674915
94027,Miranda,ISAA81207Q,SCUOLA MATERNA STATALE MIRANDA,VIA PROVINCIALE,41.644790921072,14.246632317508,12006,41.6381618,14.3315648,village,Sessano del Molise,94049,15390.533,1297773
94016,Civitanova del Sannio,ISAA82601B,CIVITANOVA DEL SANNIO,VIA CARDARELLI,41.667770679152,14.403741022449,12006,41.6381618,14.3315648,village,Sessano del Molise,94049,12188.241,918440
94022,Frosolone,ISAA82602C,SC.LA MAT. STAT. FROSOLONE CAP.,PIAZZA A. VOLTA,41.600195004884,14.4476900317,12006,41.6381618,14.3315648,village,Sessano del Molise,94049,20077.164,1570138
94008,Carpinone,ISAA812111,SCUOLA DELL'INFANZIA CARPINONE,VIA SALITA COLLE131,41.591031869583,14.324970422349,12006,41.6381618,14.3315648,village,Sessano del Molise,94049,7174.553,526902
94032,Pescolanciano,ISAA81205N,PESCOLANCIANO,VIA CAIROLI,41.67846431041,14.335948314902,12006,41.6381618,14.3315648,village,Sessano del Molise,94049,7091.493,551456
94026,Macchiagodena,ISAA82604E,MACCHIAGODENA,PARCO DELLA RIMEMBRANZA,41.557515,14.404952204,12002,41.5758421,14.4695934,village,Sant'Elena Sannita,94047,7528.212,617881
94022,Frosolone,ISAA82602C,SC.LA MAT. STAT. FROSOLONE CAP.,PIAZZA A. VOLTA,41.600195004884,14.4476900317,12002,41.5758421,14.4695934,village,Sant'Elena Sannita,94047,4862.807,337291
94006,Capracotta,ISAA81204L,CAPRACOTTA,VIA NICOLA FALCONI,41.833850002035,14.265390032626,11975,41.882631,14.254917,village,Sant'Angelo del Pesco,94046,9629.536,976487
94029,Montenero Val Cocchiara,ISAA81513E,IOVINE - MONTENERO V.,VIA NOSTRA SIGNORA DI LOURDES,41.712588199795,14.072576632443,11998,41.711927,14.138616,village,Rionero Sannitico,94039,12499.548,894078
94020,Forlì del Sannio,ISAA81206P,MATERNA FORLI'DEL SANNIO,VIA MILANO,41.697569677958,14.175410355218,11998,41.711927,14.138616,village,Rionero Sannitico,94039,9046.663,703228
94001,Acquaviva d'Isernia,ISAA815088,Non Disponibile,Non Disponibile,41.671388513108,14.14940627333,11998,41.711927,14.138616,village,Rionero Sannitico,94039,5518.488,403422
94051,Vastogirardi,IS1A011007,PASQUALA SCOCCHERA,VIA 18 SETTEMBRE,41.773064665324,14.259893083258,11998,41.711927,14.138616,village,Rionero Sannitico,94039,34332.832,2074067
94039,Rionero Sannitico,ISAA81510B,RIONERO SANNITICO,VIA ROMA,41.712086950807,14.140270549316,11998,41.711927,14.138616,village,Rionero Sannitico,94039,218.919,24916
94026,Macchiagodena,ISAA82604E,MACCHIAGODENA,PARCO DELLA RIMEMBRANZA,41.557515,14.404952204,12003,41.552725,14.368224,village,Santa Maria del Molise,94045,5378.841,379450
94040,Roccamandolfi,ISAA82611V,ROCCAMANDOLFI CAPOLUOGO,CORSO UMBERTO 1,41.495829979654,14.351880016901,12003,41.552725,14.368224,village,Santa Maria del Molise,94045,11621.193,896938
94005,Cantalupo nel Sannio,ISAA82610T,CANTALUPO NEL SANNIO,VIA FIUME,41.526970759278,14.380340893426,12003,41.552725,14.368224,village,Santa Maria del Molise,94045,4482.906,421087
94008,Carpinone,ISAA812111,SCUOLA DELL'INFANZIA CARPINONE,VIA SALITA COLLE131,41.591031869583,14.324970422349,12003,41.552725,14.368224,village,Santa Maria del Molise,94045,7953.876,614794
94010,Castelpetroso,ISAA82609Q,CASTELPETROSO INDIPRETE,PASTENA,41.553026391619,14.324047628004,12003,41.552725,14.368224,village,Santa Maria del Molise,94045,5855.383,436746
94026,Macchiagodena,ISAA82604E,MACCHIAGODENA,PARCO DELLA RIMEMBRANZA,41.557515,14.404952204,12004,41.5630208,14.3732985,village,Santa Maria del Molise,94045,5685.375,367327
94040,Roccamandolfi,ISAA82611V,ROCCAMANDOLFI CAPOLUOGO,CORSO UMBERTO 1,41.495829979654,14.351880016901,12004,41.5630208,14.3732985,village,Santa Maria del Molise,94045,15607.402,1218266
94005,Cantalupo nel Sannio,ISAA82610T,CANTALUPO NEL SANNIO,VIA FIUME,41.526970759278,14.380340893426,12004,41.5630208,14.3732985,village,Santa Maria del Molise,94045,9358.076,783266
94008,Carpinone,ISAA812111,SCUOLA DELL'INFANZIA CARPINONE,VIA SALITA COLLE131,41.591031869583,14.324970422349,12004,41.5630208,14.3732985,village,Santa Maria del Molise,94045,7713.737,524343
94010,Castelpetroso,ISAA82609Q,CASTELPETROSO INDIPRETE,PASTENA,41.553026391619,14.324047628004,12004,41.5630208,14.3732985,village,Santa Maria del Molise,94045,5756.572,370260
94017,Colli a Volturno,ISAA81519R,SCUOLA INFANZIA DI COLLI A VOLTURNO,Non Disponibile,41.59937,14.10582,11976,41.615524,14.058716,village,Scapoli,94048,6463.075,441676
94017,Colli a Volturno,IS1A00100L,SANTA MARIA ASSUNTA,VIA RISORGIMENTO N. 10,41.59905999042,14.103479969363,11976,41.615524,14.058716,village,Scapoli,94048,6294.235,435045
94019,Filignano,ISAA82504P,FILIGNANO CAPOLUOGO,VIA MILANO,41.578135,14.017191848,11976,41.615524,14.058716,village,Scapoli,94048,13620.591,1254131
94042,Rocchetta a Volturno,ISAA815077,ROCCHETTA AL VOLTURNO,VIALE SANDRO PERTINI,41.625654951994,14.086944661194,11976,41.615524,14.058716,village,Scapoli,94048,4293.518,517261
94048,Scapoli,ISAA81512D,SCUOLA DELL'INFANZIA SCAPOLI,VIA TERTAGLIONE,41.613223318938,14.058736054511,11976,41.615524,14.058716,village,Scapoli,94048,290.627,45759
94025,Macchia d'Isernia,ISAA81515L,MACCHIA D'ISERNIA,VIA CELESTINO V,41.563467244623,14.165934600804,11996,41.6067273,14.1394889,village,Fornelli,94021,7686.378,914519
94023,Isernia,ISAA822036,S.M.ST.GIOV. XXIII-,VIA ALDO MORO SNC,41.610786289305,14.235785526589,11996,41.6067273,14.1394889,village,Fornelli,94021,12961.295,980581
94023,Isernia,ISAA83402B,SAN PIETRO CELESTINO,CONTRADA ACQUA SOLFUREA,41.617699926827,14.234737631882,11996,41.6067273,14.1394889,village,Fornelli,94021,14050.035,1088015
94023,Isernia,ISAA822047,SCUOLA MATERNA STAT. SAN LAZZAR,VIA ALDO MORO,41.610786289305,14.235785526589,11996,41.6067273,14.1394889,village,Fornelli,94021,12961.295,980581
94023,Isernia,ISAA83401A,ISERNIA S.GIOVANNI BOSCO,ZONA PIP MIRANDA,41.622086558,14.219035001,11996,41.6067273,14.1394889,village,Fornelli,94021,10437.149,1219151
94023,Isernia,IS1A003008,SAN PIETRO CELESTINO,VICO II ALFERIO N. 1,41.590602034049,14.227479426293,11996,41.6067273,14.1394889,village,Fornelli,94021,10357.519,806127
94017,Colli a Volturno,ISAA81519R,SCUOLA INFANZIA DI COLLI A VOLTURNO,Non Disponibile,41.59937,14.10582,11996,41.6067273,14.1394889,village,Fornelli,94021,5867.662,440653
94017,Colli a Volturno,IS1A00100L,SANTA MARIA ASSUNTA,VIA RISORGIMENTO N. 10,41.59905999042,14.103479969363,11996,41.6067273,14.1394889,village,Fornelli,94021,6094.811,457781
94020,Forlì del Sannio,ISAA81206P,MATERNA FORLI'DEL SANNIO,VIA MILANO,41.697569677958,14.175410355218,11996,41.6067273,14.1394889,village,Fornelli,94021,21335.587,1905817
94014,Cerro al Volturno,ISAA815066,CERRO AL VOLTURNO,VIA ALDO MORO,41.651880968,14.11534,11996,41.6067273,14.1394889,village,Fornelli,94021,7472.892,1355743
94021,Fornelli,ISAA815033,SC.MAT.FORNELLI CAP.GO,VIA TOSCANA,41.619802591118,14.132880691224,11996,41.6067273,14.1394889,village,Fornelli,94021,2277.215,219024
94023,Isernia,ISAA822036,S.M.ST.GIOV. XXIII-,VIA ALDO MORO SNC,41.610786289305,14.235785526589,11997,41.695927,14.179517,village,Forlì del Sannio,94020,13998.703,988504
94023,Isernia,ISAA83402B,SAN PIETRO CELESTINO,CONTRADA ACQUA SOLFUREA,41.617699926827,14.234737631882,11997,41.695927,14.179517,village,Forlì del Sannio,94020,13504.58,944774
94023,Isernia,ISAA822047,SCUOLA MATERNA STAT. SAN LAZZAR,VIA ALDO MORO,41.610786289305,14.235785526589,11997,41.695927,14.179517,village,Forlì del Sannio,94020,13998.703,988504
94023,Isernia,ISAA83401A,ISERNIA S.GIOVANNI BOSCO,ZONA PIP MIRANDA,41.622086558,14.219035001,11997,41.695927,14.179517,village,Forlì del Sannio,94020,14369.398,1218104
94023,Isernia,IS1A003008,SAN PIETRO CELESTINO,VICO II ALFERIO N. 1,41.590602034049,14.227479426293,11997,41.695927,14.179517,village,Forlì del Sannio,94020,16852.913,1310686
94039,Rionero Sannitico,ISAA81510B,RIONERO SANNITICO,VIA ROMA,41.712086950807,14.140270549316,11997,41.695927,14.179517,village,Forlì del Sannio,94020,8613.926,653358
94021,Fornelli,ISAA815033,SC.MAT.FORNELLI CAP.GO,VIA TOSCANA,41.619802591118,14.132880691224,11997,41.695927,14.179517,village,Forlì del Sannio,94020,18844.558,1661840
94041,Roccasicura,ISAA81208R,SCUOLA INFANZIA ROCCASICURA,VIA S.ANTONIO,41.697183509082,14.233549518275,11997,41.695927,14.179517,village,Forlì del Sannio,94020,8549.136,636190
94001,Acquaviva d'Isernia,ISAA815088,Non Disponibile,Non Disponibile,41.671388513108,14.14940627333,11997,41.695927,14.179517,village,Forlì del Sannio,94020,5600.882,461864
94014,Cerro al Volturno,ISAA815066,CERRO AL VOLTURNO,VIA ALDO MORO,41.651880968,14.11534,11997,41.695927,14.179517,village,Forlì del Sannio,94020,13149.736,1088564
94051,Vastogirardi,IS1A011007,PASQUALA SCOCCHERA,VIA 18 SETTEMBRE,41.773064665324,14.259893083258,11997,41.695927,14.179517,village,Forlì del Sannio,94020,25583.688,1876566
94020,Forlì del Sannio,ISAA81206P,MATERNA FORLI'DEL SANNIO,VIA MILANO,41.697569677958,14.175410355218,11997,41.695927,14.179517,village,Forlì del Sannio,94020,492.301,43353
94034,Pettoranello del Molise,ISAA81210X,SCUOLA MAT.STATALE PETTORANELLO,VIA PASTINA,41.57403095602,14.280064212966,11871,41.600175,14.2383017,town,Isernia,94023,9538.078,694177
94024,Longano,ISAA81514G,SCUOLA MATERNA LONGANO,VIA MARCONI,41.525406917969,14.251748224285,11871,41.600175,14.2383017,town,Isernia,94023,11621.128,996658
94044,Sant'Agapito,ISAA81516N,S.AGAPITO CAPOLUOGO,VIA ROMA 57,41.543729999821,14.221159962109,11871,41.600175,14.2383017,town,Isernia,94023,9607.598,886131
94025,Macchia d'Isernia,ISAA81515L,MACCHIA D'ISERNIA,VIA CELESTINO V,41.563467244623,14.165934600804,11871,41.600175,14.2383017,town,Isernia,94023,9435.551,696029
94031,Pesche,ISAA81209T,PESCHE CAPOLUOGO,VIA GIOVANNI XXIII,41.609198521856,14.276984192387,11871,41.600175,14.2383017,town,Isernia,94023,5674.026,484409
94031,Pesche,IS1A00800B,MARIA IMMACOLATA,VIA S. CHIARA 3,41.610109979105,14.281990031843,11871,41.600175,14.2383017,town,Isernia,94023,5566.251,471475
94020,Forlì del Sannio,ISAA81206P,MATERNA FORLI'DEL SANNIO,VIA MILANO,41.697569677958,14.175410355218,11871,41.600175,14.2383017,town,Isernia,94023,15235.596,1103700
94027,Miranda,ISAA81207Q,SCUOLA MATERNA STATALE MIRANDA,VIA PROVINCIALE,41.644790921072,14.246632317508,11871,41.600175,14.2383017,town,Isernia,94023,7182.912,699841
94021,Fornelli,ISAA815033,SC.MAT.FORNELLI CAP.GO,VIA TOSCANA,41.619802591118,14.132880691224,11871,41.600175,14.2383017,town,Isernia,94023,13781.551,1218058
94041,Roccasicura,ISAA81208R,SCUOLA INFANZIA ROCCASICURA,VIA S.ANTONIO,41.697183509082,14.233549518275,11871,41.600175,14.2383017,town,Isernia,94023,14012.842,998299
94023,Isernia,ISAA822036,S.M.ST.GIOV. XXIII-,VIA ALDO MORO SNC,41.610786289305,14.235785526589,11871,41.600175,14.2383017,town,Isernia,94023,1724.52,187744
94023,Isernia,ISAA83402B,SAN PIETRO CELESTINO,CONTRADA ACQUA SOLFUREA,41.617699926827,14.234737631882,11871,41.600175,14.2383017,town,Isernia,94023,2259.606,226558
94023,Isernia,ISAA822047,SCUOLA MATERNA STAT. SAN LAZZAR,VIA ALDO MORO,41.610786289305,14.235785526589,11871,41.600175,14.2383017,town,Isernia,94023,1724.52,187744
94023,Isernia,ISAA83401A,ISERNIA S.GIOVANNI BOSCO,ZONA PIP MIRANDA,41.622086558,14.219035001,11871,41.600175,14.2383017,town,Isernia,94023,3480.439,407717
94023,Isernia,IS1A003008,SAN PIETRO CELESTINO,VICO II ALFERIO N. 1,41.590602034049,14.227479426293,11871,41.600175,14.2383017,town,Isernia,94023,1752.446,231595
94034,Pettoranello del Molise,ISAA81210X,SCUOLA MAT.STATALE PETTORANELLO,VIA PASTINA,41.57403095602,14.280064212966,11872,41.6079655,14.2362652,suburb,Isernia,94023,9441.295,676219
94024,Longano,ISAA81514G,SCUOLA MATERNA LONGANO,VIA MARCONI,41.525406917969,14.251748224285,11872,41.6079655,14.2362652,suburb,Isernia,94023,12986.224,1147608
94044,Sant'Agapito,ISAA81516N,S.AGAPITO CAPOLUOGO,VIA ROMA 57,41.543729999821,14.221159962109,11872,41.6079655,14.2362652,suburb,Isernia,94023,10972.694,1037081
94025,Macchia d'Isernia,ISAA81515L,MACCHIA D'ISERNIA,VIA CELESTINO V,41.563467244623,14.165934600804,11872,41.6079655,14.2362652,suburb,Isernia,94023,10800.647,846979
94031,Pesche,ISAA81209T,PESCHE CAPOLUOGO,VIA GIOVANNI XXIII,41.609198521856,14.276984192387,11872,41.6079655,14.2362652,suburb,Isernia,94023,5577.243,466451
94031,Pesche,IS1A00800B,MARIA IMMACOLATA,VIA S. CHIARA 3,41.610109979105,14.281990031843,11872,41.6079655,14.2362652,suburb,Isernia,94023,5469.468,453517
94020,Forlì del Sannio,ISAA81206P,MATERNA FORLI'DEL SANNIO,VIA MILANO,41.697569677958,14.175410355218,11872,41.6079655,14.2362652,suburb,Isernia,94023,14203.481,1003321
94027,Miranda,ISAA81207Q,SCUOLA MATERNA STATALE MIRANDA,VIA PROVINCIALE,41.644790921072,14.246632317508,11872,41.6079655,14.2362652,suburb,Isernia,94023,6150.798,599462
94021,Fornelli,ISAA815033,SC.MAT.FORNELLI CAP.GO,VIA TOSCANA,41.619802591118,14.132880691224,11872,41.6079655,14.2362652,suburb,Isernia,94023,15238.2,1192527
94041,Roccasicura,ISAA81208R,SCUOLA INFANZIA ROCCASICURA,VIA S.ANTONIO,41.697183509082,14.233549518275,11872,41.6079655,14.2362652,suburb,Isernia,94023,12980.727,897920
94023,Isernia,ISAA822036,S.M.ST.GIOV. XXIII-,VIA ALDO MORO SNC,41.610786289305,14.235785526589,11872,41.6079655,14.2362652,suburb,Isernia,94023,521.659,66102
94023,Isernia,ISAA83402B,SAN PIETRO CELESTINO,CONTRADA ACQUA SOLFUREA,41.617699926827,14.234737631882,11872,41.6079655,14.2362652,suburb,Isernia,94023,1227.491,126179
94023,Isernia,ISAA822047,SCUOLA MATERNA STAT. SAN LAZZAR,VIA ALDO MORO,41.610786289305,14.235785526589,11872,41.6079655,14.2362652,suburb,Isernia,94023,521.659,66102
94023,Isernia,ISAA83401A,ISERNIA S.GIOVANNI BOSCO,ZONA PIP MIRANDA,41.622086558,14.219035001,11872,41.6079655,14.2362652,suburb,Isernia,94023,2285.88,258166
94023,Isernia,IS1A003008,SAN PIETRO CELESTINO,VICO II ALFERIO N. 1,41.590602034049,14.227479426293,11872,41.6079655,14.2362652,suburb,Isernia,94023,3117.542,382545
94002,Agnone,ISAA82901V,SCUOLA DELL'INFANZIA P. MICCA,VIA PIETRO MICCA N. 4,41.806410002432,14.368750021965,11963,41.7142482,14.2940001,village,Carovilli,94007,22713.902,1238892
94002,Agnone,ISAA829031,AGNONE PIAZZA DEL POPOLO,PIAZZA DEL POPOLO 31/A,41.80723000402,14.372939967724,11963,41.7142482,14.2940001,village,Carovilli,94007,22659.481,1228197
94027,Miranda,ISAA81207Q,SCUOLA MATERNA STATALE MIRANDA,VIA PROVINCIALE,41.644790921072,14.246632317508,11963,41.7142482,14.2940001,village,Carovilli,94007,11487.044,811226
94041,Roccasicura,ISAA81208R,SCUOLA INFANZIA ROCCASICURA,VIA S.ANTONIO,41.697183509082,14.233549518275,11963,41.7142482,14.2940001,village,Carovilli,94007,7512.041,349329
94032,Pescolanciano,ISAA81205N,PESCOLANCIANO,VIA CAIROLI,41.67846431041,14.335948314902,11963,41.7142482,14.2940001,village,Carovilli,94007,7812.372,402506
94051,Vastogirardi,IS1A011007,PASQUALA SCOCCHERA,VIA 18 SETTEMBRE,41.773064665324,14.259893083258,11963,41.7142482,14.2940001,village,Carovilli,94007,11310.236,876729
94007,Carovilli,ISAA81202E,S.STEFANO L. CAROVILLI,VIA DEI FRATTARI,41.714497531032,14.292590602294,11963,41.7142482,14.2940001,village,Carovilli,94007,106.143,7642
94016,Civitanova del Sannio,ISAA82601B,CIVITANOVA DEL SANNIO,VIA CARDARELLI,41.667770679152,14.403741022449,11962,41.703029,14.456523,village,Bagnoli del Trigno,94003,10211.146,744312
94003,Bagnoli del Trigno,ISAA82607N,BAGNOLI DEL TRIGNO,PIAZZA MARCONI,41.703986901233,14.457621015913,11962,41.703029,14.456523,village,Bagnoli del Trigno,94003,183.592,19344
94026,Macchiagodena,ISAA82604E,MACCHIAGODENA,PARCO DELLA RIMEMBRANZA,41.557515,14.404952204,11972,41.600627,14.446525,village,Frosolone,94022,10032.861,627741
94016,Civitanova del Sannio,ISAA82601B,CIVITANOVA DEL SANNIO,VIA CARDARELLI,41.667770679152,14.403741022449,11972,41.600627,14.446525,village,Frosolone,94022,11561.141,848976
94008,Carpinone,ISAA812111,SCUOLA DELL'INFANZIA CARPINONE,VIA SALITA COLLE131,41.591031869583,14.324970422349,11972,41.600627,14.446525,village,Frosolone,94022,22558.471,1414591
94022,Frosolone,ISAA82602C,SC.LA MAT. STAT. FROSOLONE CAP.,PIAZZA A. VOLTA,41.600195004884,14.4476900317,11972,41.600627,14.446525,village,Frosolone,94022,308.357,33876
94024,Longano,ISAA81514G,SCUOLA MATERNA LONGANO,VIA MARCONI,41.525406917969,14.251748224285,11977,41.497124,14.353824,village,Roccamandolfi,94040,15484.338,2434216
94005,Cantalupo nel Sannio,ISAA82610T,CANTALUPO NEL SANNIO,VIA FIUME,41.526970759278,14.380340893426,11977,41.497124,14.353824,village,Roccamandolfi,94040,7402.837,638918
94040,Roccamandolfi,ISAA82611V,ROCCAMANDOLFI CAPOLUOGO,CORSO UMBERTO 1,41.495829979654,14.351880016901,11977,41.497124,14.353824,village,Roccamandolfi,94040,288.521,32060
94002,Agnone,ISAA82901V,SCUOLA DELL'INFANZIA P. MICCA,VIA PIETRO MICCA N. 4,41.806410002432,14.368750021965,11964,41.833903,14.2642443,village,Capracotta,94006,18734.704,1081712
94002,Agnone,ISAA829031,AGNONE PIAZZA DEL POPOLO,PIAZZA DEL POPOLO 31/A,41.80723000402,14.372939967724,11964,41.833903,14.2642443,village,Capracotta,94006,18680.283,1071017
94043,San Pietro Avellana,IS1A01000B,G. COLAIANNI,VIA ALFIERI N. 13,41.789356325401,14.182703960983,11964,41.833903,14.2642443,village,Capracotta,94006,15307.082,887688
94051,Vastogirardi,IS1A011007,PASQUALA SCOCCHERA,VIA 18 SETTEMBRE,41.773064665324,14.259893083258,11964,41.833903,14.2642443,village,Capracotta,94006,14309.007,739047
94006,Capracotta,ISAA81204L,CAPRACOTTA,VIA NICOLA FALCONI,41.833850002035,14.265390032626,11964,41.833903,14.2642443,village,Capracotta,94006,720.667,78056
94007,Carovilli,ISAA81202E,S.STEFANO L. CAROVILLI,VIA DEI FRATTARI,41.714497531032,14.292590602294,11951,41.8095612,14.3770463,town,Agnone,94002,22453.293,1194129
94037,Poggio Sannita,ISAA829064,POGGIO SANNITA CAPOLUOGO,VIA EDIFICI SCOLASTICI,41.771245,14.431289741,11951,41.8095612,14.3770463,town,Agnone,94002,11999.186,1145468
94004,Belmonte del Sannio,ISAA829042,BELMONTE DEL SANNIO,VIA CARDARELLI,41.824001276634,14.422373012951,11951,41.8095612,14.3770463,town,Agnone,94002,5536.651,352548
94006,Capracotta,ISAA81204L,CAPRACOTTA,VIA NICOLA FALCONI,41.833850002035,14.265390032626,11951,41.8095612,14.3770463,town,Agnone,94002,17482.776,939460
94032,Pescolanciano,ISAA81205N,PESCOLANCIANO,VIA CAIROLI,41.67846431041,14.335948314902,11951,41.8095612,14.3770463,town,Agnone,94002,26555.135,1353985
94051,Vastogirardi,IS1A011007,PASQUALA SCOCCHERA,VIA 18 SETTEMBRE,41.773064665324,14.259893083258,11951,41.8095612,14.3770463,town,Agnone,94002,15374.194,1360254
94002,Agnone,ISAA82901V,SCUOLA DELL'INFANZIA P. MICCA,VIA PIETRO MICCA N. 4,41.806410002432,14.368750021965,11951,41.8095612,14.3770463,town,Agnone,94002,769.993,76314
94002,Agnone,ISAA829031,AGNONE PIAZZA DEL POPOLO,PIAZZA DEL POPOLO 31/A,41.80723000402,14.372939967724,11951,41.8095612,14.3770463,town,Agnone,94002,715.572,65619
94007,Carovilli,ISAA81202E,S.STEFANO L. CAROVILLI,VIA DEI FRATTARI,41.714497531032,14.292590602294,11952,41.7999726,14.4088788,village,Agnone,94002,27265.995,1515647
94037,Poggio Sannita,ISAA829064,POGGIO SANNITA CAPOLUOGO,VIA EDIFICI SCOLASTICI,41.771245,14.431289741,11952,41.7999726,14.4088788,village,Agnone,94002,7934.052,895004
94004,Belmonte del Sannio,ISAA829042,BELMONTE DEL SANNIO,VIA CARDARELLI,41.824001276634,14.422373012951,11952,41.7999726,14.4088788,village,Agnone,94002,5216.666,326320
94006,Capracotta,ISAA81204L,CAPRACOTTA,VIA NICOLA FALCONI,41.833850002035,14.265390032626,11952,41.7999726,14.4088788,village,Agnone,94002,22744.981,1289518
94032,Pescolanciano,ISAA81205N,PESCOLANCIANO,VIA CAIROLI,41.67846431041,14.335948314902,11952,41.7999726,14.4088788,village,Agnone,94002,27137.109,1949984
94051,Vastogirardi,IS1A011007,PASQUALA SCOCCHERA,VIA 18 SETTEMBRE,41.773064665324,14.259893083258,11952,41.7999726,14.4088788,village,Agnone,94002,20186.897,1681772
94002,Agnone,ISAA82901V,SCUOLA DELL'INFANZIA P. MICCA,VIA PIETRO MICCA N. 4,41.806410002432,14.368750021965,11952,41.7999726,14.4088788,village,Agnone,94002,6131.374,432323
94002,Agnone,ISAA829031,AGNONE PIAZZA DEL POPOLO,PIAZZA DEL POPOLO 31/A,41.80723000402,14.372939967724,11952,41.7999726,14.4088788,village,Agnone,94002,6076.953,421628
94006,Capracotta,ISAA81204L,CAPRACOTTA,VIA NICOLA FALCONI,41.833850002035,14.265390032626,11988,41.8546353,14.2309746,village,Castel del Giudice,94009,12475.475,859376
94043,San Pietro Avellana,IS1A01000B,G. COLAIANNI,VIA ALFIERI N. 13,41.789356325401,14.182703960983,11988,41.8546353,14.2309746,village,Castel del Giudice,94009,13106.46,872996
94029,Montenero Val Cocchiara,ISAA81513E,IOVINE - MONTENERO V.,VIA NOSTRA SIGNORA DI LOURDES,41.712588199795,14.072576632443,11953,41.672126,14.148917,village,Acquaviva d'Isernia,94001,17306.272,1216276
94039,Rionero Sannitico,ISAA81510B,RIONERO SANNITICO,VIA ROMA,41.712086950807,14.140270549316,11953,41.672126,14.148917,village,Acquaviva d'Isernia,94001,5177.75,371105
94020,Forlì del Sannio,ISAA81206P,MATERNA FORLI'DEL SANNIO,VIA MILANO,41.697569677958,14.175410355218,11953,41.672126,14.148917,village,Acquaviva d'Isernia,94001,5685.212,479049
94014,Cerro al Volturno,ISAA815066,CERRO AL VOLTURNO,VIA ALDO MORO,41.651880968,14.11534,11953,41.672126,14.148917,village,Acquaviva d'Isernia,94001,7932.577,629308
94001,Acquaviva d'Isernia,ISAA815088,Non Disponibile,Non Disponibile,41.671388513108,14.14940627333,11953,41.672126,14.148917,village,Acquaviva d'Isernia,94001,129.488,7769
94030,Monteroduni,ISAA835016,MONTERODUNI S.EUSANIO,VIA COLLE DELLE API,41.531524358654,14.152276092636,11968,41.566723,14.112618,village,Montaquila,94028,9214.654,646659
94030,Monteroduni,IS1A004004,MARIA SANTISSIMA ADDOLORATA,VIA DEL SOLE N. 1,41.522796215099,14.173371515408,11968,41.566723,14.112618,village,Montaquila,94028,12033.235,916299
94017,Colli a Volturno,ISAA81519R,SCUOLA INFANZIA DI COLLI A VOLTURNO,Non Disponibile,41.59937,14.10582,11968,41.566723,14.112618,village,Montaquila,94028,6022.042,467420
94017,Colli a Volturno,IS1A00100L,SANTA MARIA ASSUNTA,VIA RISORGIMENTO N. 10,41.59905999042,14.103479969363,11968,41.566723,14.112618,village,Montaquila,94028,5948.564,466511
94019,Filignano,ISAA82504P,FILIGNANO CAPOLUOGO,VIA MILANO,41.578135,14.017191848,11968,41.566723,14.112618,village,Montaquila,94028,12562.397,2026265
94038,Pozzilli,ISAA82505Q,FRANCESCO IOVINE,VIA DEL CARABINIERE SNC,41.51322,14.07991684,11968,41.566723,14.112618,village,Montaquila,94028,12676.716,1034895
94038,Pozzilli,IS1A00600Q,MARIA AUSILIATRICE,PIAZZA G. PEPE N. 2,41.512902304589,14.061527492317,11968,41.566723,14.112618,village,Montaquila,94028,14453.191,995736
94028,Montaquila,ISAA81517P,SC. MAT. STAT. MONTAQUILA CAP.,VIA MASSERIE LA CORTE,41.547459698784,14.120522489154,11968,41.566723,14.112618,village,Montaquila,94028,3429.647,325247
94028,Montaquila,ISAA81518Q,MONTAQUILA ROCCARAVINDOLA,VIA STARZE,41.525055851691,14.122165386814,11968,41.566723,14.112618,village,Montaquila,94028,6509.091,524390
94024,Longano,ISAA81514G,SCUOLA MATERNA LONGANO,VIA MARCONI,41.525406917969,14.251748224285,12000,41.5445971,14.2229443,village,Sant'Agapito,94044,7900.71,803434
94030,Monteroduni,ISAA835016,MONTERODUNI S.EUSANIO,VIA COLLE DELLE API,41.531524358654,14.152276092636,12000,41.5445971,14.2229443,village,Sant'Agapito,94044,11190.124,882371
94030,Monteroduni,IS1A004004,MARIA SANTISSIMA ADDOLORATA,VIA DEL SOLE N. 1,41.522796215099,14.173371515408,12000,41.5445971,14.2229443,village,Sant'Agapito,94044,10996.478,1036652
94025,Macchia d'Isernia,ISAA81515L,MACCHIA D'ISERNIA,VIA CELESTINO V,41.563467244623,14.165934600804,12000,41.5445971,14.2229443,village,Sant'Agapito,94044,7779.011,762092
94023,Isernia,ISAA822036,S.M.ST.GIOV. XXIII-,VIA ALDO MORO SNC,41.610786289305,14.235785526589,12000,41.5445971,14.2229443,village,Sant'Agapito,94044,10108.965,1097579
94023,Isernia,ISAA83402B,SAN PIETRO CELESTINO,CONTRADA ACQUA SOLFUREA,41.617699926827,14.234737631882,12000,41.5445971,14.2229443,village,Sant'Agapito,94044,10644.052,1136393
94023,Isernia,ISAA822047,SCUOLA MATERNA STAT. SAN LAZZAR,VIA ALDO MORO,41.610786289305,14.235785526589,12000,41.5445971,14.2229443,village,Sant'Agapito,94044,10108.965,1097579
94023,Isernia,ISAA83401A,ISERNIA S.GIOVANNI BOSCO,ZONA PIP MIRANDA,41.622086558,14.219035001,12000,41.5445971,14.2229443,village,Sant'Agapito,94044,11404.447,1215264
94023,Isernia,IS1A003008,SAN PIETRO CELESTINO,VICO II ALFERIO N. 1,41.590602034049,14.227479426293,12000,41.5445971,14.2229443,village,Sant'Agapito,94044,7287.492,756596
94044,Sant'Agapito,ISAA81516N,S.AGAPITO CAPOLUOGO,VIA ROMA 57,41.543729999821,14.221159962109,12000,41.5445971,14.2229443,village,Sant'Agapito,94044,187.133,22456
94024,Longano,ISAA81514G,SCUOLA MATERNA LONGANO,VIA MARCONI,41.525406917969,14.251748224285,11991,41.573125,14.277521,village,Pettoranello del Molise,94034,14492.72,1441079
94023,Isernia,ISAA822036,S.M.ST.GIOV. XXIII-,VIA ALDO MORO SNC,41.610786289305,14.235785526589,11991,41.573125,14.277521,village,Pettoranello del Molise,94034,10030.425,691885
94023,Isernia,ISAA83402B,SAN PIETRO CELESTINO,CONTRADA ACQUA SOLFUREA,41.617699926827,14.234737631882,11991,41.573125,14.277521,village,Pettoranello del Molise,94034,10565.512,730699
94023,Isernia,ISAA822047,SCUOLA MATERNA STAT. SAN LAZZAR,VIA ALDO MORO,41.610786289305,14.235785526589,11991,41.573125,14.277521,village,Pettoranello del Molise,94034,10030.425,691885
94023,Isernia,ISAA83401A,ISERNIA S.GIOVANNI BOSCO,ZONA PIP MIRANDA,41.622086558,14.219035001,11991,41.573125,14.277521,village,Pettoranello del Molise,94034,11786.344,911858
94023,Isernia,IS1A003008,SAN PIETRO CELESTINO,VICO II ALFERIO N. 1,41.590602034049,14.227479426293,11991,41.573125,14.277521,village,Pettoranello del Molise,94034,7543.256,868909
94031,Pesche,ISAA81209T,PESCHE CAPOLUOGO,VIA GIOVANNI XXIII,41.609198521856,14.276984192387,11991,41.573125,14.277521,village,Pettoranello del Molise,94034,7363.236,594338
94031,Pesche,IS1A00800B,MARIA IMMACOLATA,VIA S. CHIARA 3,41.610109979105,14.281990031843,11991,41.573125,14.277521,village,Pettoranello del Molise,94034,7255.46,581404
94008,Carpinone,ISAA812111,SCUOLA DELL'INFANZIA CARPINONE,VIA SALITA COLLE131,41.591031869583,14.324970422349,11991,41.573125,14.277521,village,Pettoranello del Molise,94034,10496.164,669688
94010,Castelpetroso,ISAA82609Q,CASTELPETROSO INDIPRETE,PASTENA,41.553026391619,14.324047628004,11991,41.573125,14.277521,village,Pettoranello del Molise,94034,5445.581,360057
94034,Pettoranello del Molise,ISAA81210X,SCUOLA MAT.STATALE PETTORANELLO,VIA PASTINA,41.57403095602,14.280064212966,11991,41.573125,14.277521,village,Pettoranello del Molise,94034,662.049,79446
94036,Pizzone,ISAA81511C,SCUOLA INFANZIA PIZZONE,PIAZZA MUNICIPIO 1,41.666820008153,14.035740026289,11965,41.716826,14.069415,village,Montenero Val Cocchiara,94029,12178.859,1002393
94012,Castel San Vincenzo,ISAA815099,CASTEL SAN VINCENZO,PIAZZA SAN PIETRO,41.656399594963,14.062643463133,11965,41.716826,14.069415,village,Montenero Val Cocchiara,94029,14569.774,1201869
94039,Rionero Sannitico,ISAA81510B,RIONERO SANNITICO,VIA ROMA,41.712086950807,14.140270549316,11965,41.716826,14.069415,village,Montenero Val Cocchiara,94029,12011.586,834138
94001,Acquaviva d'Isernia,ISAA815088,Non Disponibile,Non Disponibile,41.671388513108,14.14940627333,11965,41.716826,14.069415,village,Montenero Val Cocchiara,94029,17121.436,1185944
94014,Cerro al Volturno,ISAA815066,CERRO AL VOLTURNO,VIA ALDO MORO,41.651880968,14.11534,11965,41.716826,14.069415,village,Montenero Val Cocchiara,94029,14987.965,1935129
94029,Montenero Val Cocchiara,ISAA81513E,IOVINE - MONTENERO V.,VIA NOSTRA SIGNORA DI LOURDES,41.712588199795,14.072576632443,11965,41.716826,14.069415,village,Montenero Val Cocchiara,94029,644.45,77334
94052,Venafro,ISAA82501G,VENAFRO CEPPAGNA,STRADA PROVINCIALE NUNZIATA LUNGA,41.452145951499,14.012521665573,11971,41.495121,14.006816,village,Conca Casale,94018,16872.518,1300749
94052,Venafro,ISAA83201P,DON GIULIO TESTA,VIA MACHIAVELLI,41.481069016211,14.050282580498,11971,41.495121,14.006816,village,Conca Casale,94018,11825.263,916427
94052,Venafro,ISAA83202Q,"CAMPO SCUOLA""CAMELOT""",VIA MACHIAVELLI,41.481069016211,14.050282580498,11971,41.495121,14.006816,village,Conca Casale,94018,11825.263,916427
94038,Pozzilli,ISAA82505Q,FRANCESCO IOVINE,VIA DEL CARABINIERE SNC,41.51322,14.07991684,11971,41.495121,14.006816,village,Conca Casale,94018,15292.331,1366282
94038,Pozzilli,IS1A00600Q,MARIA AUSILIATRICE,PIAZZA G. PEPE N. 2,41.512902304589,14.061527492317,11971,41.495121,14.006816,village,Conca Casale,94018,13866.32,1159410
94029,Montenero Val Cocchiara,ISAA81513E,IOVINE - MONTENERO V.,VIA NOSTRA SIGNORA DI LOURDES,41.712588199795,14.072576632443,11985,41.655925,14.102316,village,Cerro al Volturno,94014,13441.164,1804573
94012,Castel San Vincenzo,ISAA815099,CASTEL SAN VINCENZO,PIAZZA SAN PIETRO,41.656399594963,14.062643463133,11985,41.655925,14.102316,village,Cerro al Volturno,94014,6003.839,431570
94017,Colli a Volturno,ISAA81519R,SCUOLA INFANZIA DI COLLI A VOLTURNO,Non Disponibile,41.59937,14.10582,11985,41.655925,14.102316,village,Cerro al Volturno,94014,8373.374,491743
94017,Colli a Volturno,IS1A00100L,SANTA MARIA ASSUNTA,VIA RISORGIMENTO N. 10,41.59905999042,14.103479969363,11985,41.655925,14.102316,village,Cerro al Volturno,94014,8204.534,485112
94020,Forlì del Sannio,ISAA81206P,MATERNA FORLI'DEL SANNIO,VIA MILANO,41.697569677958,14.175410355218,11985,41.655925,14.102316,village,Cerro al Volturno,94014,13287.954,955630
94042,Rocchetta a Volturno,ISAA815077,ROCCHETTA AL VOLTURNO,VIALE SANDRO PERTINI,41.625654951994,14.086944661194,11985,41.655925,14.102316,village,Cerro al Volturno,94014,5164.289,372424
94021,Fornelli,ISAA815033,SC.MAT.FORNELLI CAP.GO,VIA TOSCANA,41.619802591118,14.132880691224,11985,41.655925,14.102316,village,Cerro al Volturno,94014,7060.981,808602
94001,Acquaviva d'Isernia,ISAA815088,Non Disponibile,Non Disponibile,41.671388513108,14.14940627333,11985,41.655925,14.102316,village,Cerro al Volturno,94014,7727.489,463650
94014,Cerro al Volturno,ISAA815066,CERRO AL VOLTURNO,VIA ALDO MORO,41.651880968,14.11534,11985,41.655925,14.102316,village,Cerro al Volturno,94014,3183.029,344336
94023,Isernia,ISAA822036,S.M.ST.GIOV. XXIII-,VIA ALDO MORO SNC,41.610786289305,14.235785526589,12001,41.6968199,14.2335322,village,Roccasicura,94041,12902.638,895117
94023,Isernia,ISAA83402B,SAN PIETRO CELESTINO,CONTRADA ACQUA SOLFUREA,41.617699926827,14.234737631882,12001,41.6968199,14.2335322,village,Roccasicura,94041,12408.515,851387
94023,Isernia,ISAA822047,SCUOLA MATERNA STAT. SAN LAZZAR,VIA ALDO MORO,41.610786289305,14.235785526589,12001,41.6968199,14.2335322,village,Roccasicura,94041,12902.638,895117
94023,Isernia,ISAA83401A,ISERNIA S.GIOVANNI BOSCO,ZONA PIP MIRANDA,41.622086558,14.219035001,12001,41.6968199,14.2335322,village,Roccasicura,94041,15042.862,1130739
94023,Isernia,IS1A003008,SAN PIETRO CELESTINO,VICO II ALFERIO N. 1,41.590602034049,14.227479426293,12001,41.6968199,14.2335322,village,Roccasicura,94041,15756.848,1217299
94007,Carovilli,ISAA81202E,S.STEFANO L. CAROVILLI,VIA DEI FRATTARI,41.714497531032,14.292590602294,12001,41.6968199,14.2335322,village,Roccasicura,94041,7681.313,361517
94020,Forlì del Sannio,ISAA81206P,MATERNA FORLI'DEL SANNIO,VIA MILANO,41.697569677958,14.175410355218,12001,41.6968199,14.2335322,village,Roccasicura,94041,8942.021,671980
94027,Miranda,ISAA81207Q,SCUOLA MATERNA STATALE MIRANDA,VIA PROVINCIALE,41.644790921072,14.246632317508,12001,41.6968199,14.2335322,village,Roccasicura,94041,14233.15,1029456
94051,Vastogirardi,IS1A011007,PASQUALA SCOCCHERA,VIA 18 SETTEMBRE,41.773064665324,14.259893083258,12001,41.6968199,14.2335322,village,Roccasicura,94041,17097.681,1244922
94041,Roccasicura,ISAA81208R,SCUOLA INFANZIA ROCCASICURA,VIA S.ANTONIO,41.697183509082,14.233549518275,12001,41.6968199,14.2335322,village,Roccasicura,94041,63.13,4546
94030,Monteroduni,ISAA835016,MONTERODUNI S.EUSANIO,VIA COLLE DELLE API,41.531524358654,14.152276092636,11983,41.598724,14.104917,village,Colli a Volturno,94017,14749.586,947254
94030,Monteroduni,IS1A004004,MARIA SANTISSIMA ADDOLORATA,VIA DEL SOLE N. 1,41.522796215099,14.173371515408,11983,41.598724,14.104917,village,Colli a Volturno,94017,17568.167,1216894
94025,Macchia d'Isernia,ISAA81515L,MACCHIA D'ISERNIA,VIA CELESTINO V,41.563467244623,14.165934600804,11983,41.598724,14.104917,village,Colli a Volturno,94017,11013.376,1097955
94048,Scapoli,ISAA81512D,SCUOLA DELL'INFANZIA SCAPOLI,VIA TERTAGLIONE,41.613223318938,14.058736054511,11983,41.598724,14.104917,village,Colli a Volturno,94017,6663.944,486216
94019,Filignano,ISAA82504P,FILIGNANO CAPOLUOGO,VIA MILANO,41.578135,14.017191848,11983,41.598724,14.104917,village,Colli a Volturno,94017,18661.633,1496474
94042,Rocchetta a Volturno,ISAA815077,ROCCHETTA AL VOLTURNO,VIALE SANDRO PERTINI,41.625654951994,14.086944661194,11983,41.598724,14.104917,village,Colli a Volturno,94017,4286.411,425166
94028,Montaquila,ISAA81517P,SC. MAT. STAT. MONTAQUILA CAP.,VIA MASSERIE LA CORTE,41.547459698784,14.120522489154,11983,41.598724,14.104917,village,Colli a Volturno,94017,8964.579,625842
94028,Montaquila,ISAA81518Q,MONTAQUILA ROCCARAVINDOLA,VIA STARZE,41.525055851691,14.122165386814,11983,41.598724,14.104917,village,Colli a Volturno,94017,12044.024,824985
94021,Fornelli,ISAA815033,SC.MAT.FORNELLI CAP.GO,VIA TOSCANA,41.619802591118,14.132880691224,11983,41.598724,14.104917,village,Colli a Volturno,94017,3880.854,536000
94014,Cerro al Volturno,ISAA815066,CERRO AL VOLTURNO,VIA ALDO MORO,41.651880968,14.11534,11983,41.598724,14.104917,village,Colli a Volturno,94017,11572.761,853638
94017,Colli a Volturno,ISAA81519R,SCUOLA INFANZIA DI COLLI A VOLTURNO,Non Disponibile,41.59937,14.10582,11983,41.598724,14.104917,village,Colli a Volturno,94017,179.954,17676
94017,Colli a Volturno,IS1A00100L,SANTA MARIA ASSUNTA,VIA RISORGIMENTO N. 10,41.59905999042,14.103479969363,11983,41.598724,14.104917,village,Colli a Volturno,94017,161.854,20089
94023,Isernia,ISAA822036,S.M.ST.GIOV. XXIII-,VIA ALDO MORO SNC,41.610786289305,14.235785526589,11967,41.645126,14.24632,village,Miranda,94027,6044.903,595700
94023,Isernia,ISAA83402B,SAN PIETRO CELESTINO,CONTRADA ACQUA SOLFUREA,41.617699926827,14.234737631882,11967,41.645126,14.24632,village,Miranda,94027,5550.781,551970
94023,Isernia,ISAA822047,SCUOLA MATERNA STAT. SAN LAZZAR,VIA ALDO MORO,41.610786289305,14.235785526589,11967,41.645126,14.24632,village,Miranda,94027,6044.903,595700
94023,Isernia,ISAA83401A,ISERNIA S.GIOVANNI BOSCO,ZONA PIP MIRANDA,41.622086558,14.219035001,11967,41.645126,14.24632,village,Miranda,94027,7333.668,772372
94023,Isernia,IS1A003008,SAN PIETRO CELESTINO,VICO II ALFERIO N. 1,41.590602034049,14.227479426293,11967,41.645126,14.24632,village,Miranda,94027,8899.113,917882
94007,Carovilli,ISAA81202E,S.STEFANO L. CAROVILLI,VIA DEI FRATTARI,41.714497531032,14.292590602294,11967,41.645126,14.24632,village,Miranda,94027,11547.847,815604
94031,Pesche,ISAA81209T,PESCHE CAPOLUOGO,VIA GIOVANNI XXIII,41.609198521856,14.276984192387,11967,41.645126,14.24632,village,Miranda,94027,6071.96,642986
94031,Pesche,IS1A00800B,MARIA IMMACOLATA,VIA S. CHIARA 3,41.610109979105,14.281990031843,11967,41.645126,14.24632,village,Miranda,94027,6418.798,684606
94041,Roccasicura,ISAA81208R,SCUOLA INFANZIA ROCCASICURA,VIA S.ANTONIO,41.697183509082,14.233549518275,11967,41.645126,14.24632,village,Miranda,94027,14343.01,1039297
94032,Pescolanciano,ISAA81205N,PESCOLANCIANO,VIA CAIROLI,41.67846431041,14.335948314902,11967,41.645126,14.24632,village,Miranda,94027,18903.604,1210217
94027,Miranda,ISAA81207Q,SCUOLA MATERNA STATALE MIRANDA,VIA PROVINCIALE,41.644790921072,14.246632317508,11967,41.645126,14.24632,village,Miranda,94027,45.339,3264
94022,Frosolone,ISAA82602C,SC.LA MAT. STAT. FROSOLONE CAP.,PIAZZA A. VOLTA,41.600195004884,14.4476900317,11995,41.559826,14.407824,village,Macchiagodena,94026,9561.177,580452
94005,Cantalupo nel Sannio,ISAA82610T,CANTALUPO NEL SANNIO,VIA FIUME,41.526970759278,14.380340893426,11995,41.559826,14.407824,village,Macchiagodena,94026,5969.74,625761
94008,Carpinone,ISAA812111,SCUOLA DELL'INFANZIA CARPINONE,VIA SALITA COLLE131,41.591031869583,14.324970422349,11995,41.559826,14.407824,village,Macchiagodena,94026,12942.428,828423
94026,Macchiagodena,ISAA82604E,MACCHIAGODENA,PARCO DELLA RIMEMBRANZA,41.557515,14.404952204,11995,41.559826,14.407824,village,Macchiagodena,94026,416.818,41573
94044,Sant'Agapito,ISAA81516N,S.AGAPITO CAPOLUOGO,VIA ROMA 57,41.543729999821,14.221159962109,11970,41.561624,14.167119,village,Macchia d'Isernia,94025,7537.86,794062
94030,Monteroduni,ISAA835016,MONTERODUNI S.EUSANIO,VIA COLLE DELLE API,41.531524358654,14.152276092636,11970,41.561624,14.167119,village,Macchia d'Isernia,94025,4616.393,359754
94030,Monteroduni,IS1A004004,MARIA SANTISSIMA ADDOLORATA,VIA DEL SOLE N. 1,41.522796215099,14.173371515408,11970,41.561624,14.167119,village,Macchia d'Isernia,94025,7070.268,612982
94023,Isernia,ISAA822036,S.M.ST.GIOV. XXIII-,VIA ALDO MORO SNC,41.610786289305,14.235785526589,11970,41.561624,14.167119,village,Macchia d'Isernia,94025,11478.849,804159
94023,Isernia,ISAA83402B,SAN PIETRO CELESTINO,CONTRADA ACQUA SOLFUREA,41.617699926827,14.234737631882,11970,41.561624,14.167119,village,Macchia d'Isernia,94025,12013.935,842973
94023,Isernia,ISAA822047,SCUOLA MATERNA STAT. SAN LAZZAR,VIA ALDO MORO,41.610786289305,14.235785526589,11970,41.561624,14.167119,village,Macchia d'Isernia,94025,11478.849,804159
94023,Isernia,ISAA83401A,ISERNIA S.GIOVANNI BOSCO,ZONA PIP MIRANDA,41.622086558,14.219035001,11970,41.561624,14.167119,village,Macchia d'Isernia,94025,12043.14,1073755
94023,Isernia,IS1A003008,SAN PIETRO CELESTINO,VICO II ALFERIO N. 1,41.590602034049,14.227479426293,11970,41.561624,14.167119,village,Macchia d'Isernia,94025,7942.991,656261
94017,Colli a Volturno,ISAA81519R,SCUOLA INFANZIA DI COLLI A VOLTURNO,Non Disponibile,41.59937,14.10582,11970,41.561624,14.167119,village,Macchia d'Isernia,94025,10910.076,1105302
94017,Colli a Volturno,IS1A00100L,SANTA MARIA ASSUNTA,VIA RISORGIMENTO N. 10,41.59905999042,14.103479969363,11970,41.561624,14.167119,village,Macchia d'Isernia,94025,11137.225,1122430
94021,Fornelli,ISAA815033,SC.MAT.FORNELLI CAP.GO,VIA TOSCANA,41.619802591118,14.132880691224,11970,41.561624,14.167119,village,Macchia d'Isernia,94025,9118.046,1153061
94025,Macchia d'Isernia,ISAA81515L,MACCHIA D'ISERNIA,VIA CELESTINO V,41.563467244623,14.165934600804,11970,41.561624,14.167119,village,Macchia d'Isernia,94025,245.451,29455
94034,Pettoranello del Molise,ISAA81210X,SCUOLA MAT.STATALE PETTORANELLO,VIA PASTINA,41.57403095602,14.280064212966,11993,41.611068,14.2819506,village,Pesche,94031,7681.939,654861
94023,Isernia,ISAA822036,S.M.ST.GIOV. XXIII-,VIA ALDO MORO SNC,41.610786289305,14.235785526589,11993,41.611068,14.2819506,village,Pesche,94031,6471.477,554905
94023,Isernia,ISAA83402B,SAN PIETRO CELESTINO,CONTRADA ACQUA SOLFUREA,41.617699926827,14.234737631882,11993,41.611068,14.2819506,village,Pesche,94031,7006.564,593719
94023,Isernia,ISAA822047,SCUOLA MATERNA STAT. SAN LAZZAR,VIA ALDO MORO,41.610786289305,14.235785526589,11993,41.611068,14.2819506,village,Pesche,94031,6471.477,554905
94023,Isernia,ISAA83401A,ISERNIA S.GIOVANNI BOSCO,ZONA PIP MIRANDA,41.622086558,14.219035001,11993,41.611068,14.2819506,village,Pesche,94031,8227.396,774878
94023,Isernia,IS1A003008,SAN PIETRO CELESTINO,VICO II ALFERIO N. 1,41.590602034049,14.227479426293,11993,41.611068,14.2819506,village,Pesche,94031,7152.975,601551
94027,Miranda,ISAA81207Q,SCUOLA MATERNA STATALE MIRANDA,VIA PROVINCIALE,41.644790921072,14.246632317508,11993,41.611068,14.2819506,village,Pesche,94031,6895.098,743939
94008,Carpinone,ISAA812111,SCUOLA DELL'INFANZIA CARPINONE,VIA SALITA COLLE131,41.591031869583,14.324970422349,11993,41.611068,14.2819506,village,Pesche,94031,7575.204,608423
94031,Pesche,ISAA81209T,PESCHE CAPOLUOGO,VIA GIOVANNI XXIII,41.609198521856,14.276984192387,11993,41.611068,14.2819506,village,Pesche,94031,1128.937,135473
94031,Pesche,IS1A00800B,MARIA IMMACOLATA,VIA S. CHIARA 3,41.610109979105,14.281990031843,11993,41.611068,14.2819506,village,Pesche,94031,521.64,62597
94024,Longano,ISAA81514G,SCUOLA MATERNA LONGANO,VIA MARCONI,41.525406917969,14.251748224285,11994,41.5218962,14.1759397,village,Monteroduni,94030,10711.098,886031
94044,Sant'Agapito,ISAA81516N,S.AGAPITO CAPOLUOGO,VIA ROMA 57,41.543729999821,14.221159962109,11994,41.5218962,14.1759397,village,Monteroduni,94030,11572.943,1134100
94025,Macchia d'Isernia,ISAA81515L,MACCHIA D'ISERNIA,VIA CELESTINO V,41.563467244623,14.165934600804,11994,41.5218962,14.1759397,village,Monteroduni,94030,7857.894,721990
94017,Colli a Volturno,ISAA81519R,SCUOLA INFANZIA DI COLLI A VOLTURNO,Non Disponibile,41.59937,14.10582,11994,41.5218962,14.1759397,village,Monteroduni,94030,17516.098,1230111
94017,Colli a Volturno,IS1A00100L,SANTA MARIA ASSUNTA,VIA RISORGIMENTO N. 10,41.59905999042,14.103479969363,11994,41.5218962,14.1759397,village,Monteroduni,94030,17442.62,1229202
94038,Pozzilli,ISAA82505Q,FRANCESCO IOVINE,VIA DEL CARABINIERE SNC,41.51322,14.07991684,11994,41.5218962,14.1759397,village,Monteroduni,94030,12122.858,1069820
94038,Pozzilli,IS1A00600Q,MARIA AUSILIATRICE,PIAZZA G. PEPE N. 2,41.512902304589,14.061527492317,11994,41.5218962,14.1759397,village,Monteroduni,94030,13899.332,1030661
94028,Montaquila,ISAA81517P,SC. MAT. STAT. MONTAQUILA CAP.,VIA MASSERIE LA CORTE,41.547459698784,14.120522489154,11994,41.5218962,14.1759397,village,Monteroduni,94030,9437.446,778200
94028,Montaquila,ISAA81518Q,MONTAQUILA ROCCARAVINDOLA,VIA STARZE,41.525055851691,14.122165386814,11994,41.5218962,14.1759397,village,Monteroduni,94030,7067.975,662605
94030,Monteroduni,ISAA835016,MONTERODUNI S.EUSANIO,VIA COLLE DELLE API,41.531524358654,14.152276092636,11994,41.5218962,14.1759397,village,Monteroduni,94030,3778.709,418292
94030,Monteroduni,IS1A004004,MARIA SANTISSIMA ADDOLORATA,VIA DEL SOLE N. 1,41.522796215099,14.173371515408,11994,41.5218962,14.1759397,village,Monteroduni,94030,480.32,81545
94034,Pettoranello del Molise,ISAA81210X,SCUOLA MAT.STATALE PETTORANELLO,VIA PASTINA,41.57403095602,14.280064212966,11969,41.521623,14.245621,village,Longano,94024,13740.119,1421768
94044,Sant'Agapito,ISAA81516N,S.AGAPITO CAPOLUOGO,VIA ROMA 57,41.543729999821,14.221159962109,11969,41.521623,14.245621,village,Longano,94024,7382.951,812303
94030,Monteroduni,ISAA835016,MONTERODUNI S.EUSANIO,VIA COLLE DELLE API,41.531524358654,14.152276092636,11969,41.521623,14.245621,village,Longano,94024,12828.715,1139186
94030,Monteroduni,IS1A004004,MARIA SANTISSIMA ADDOLORATA,VIA DEL SOLE N. 1,41.522796215099,14.173371515408,11969,41.521623,14.245621,village,Longano,94024,9616.874,797452
94023,Isernia,ISAA822036,S.M.ST.GIOV. XXIII-,VIA ALDO MORO SNC,41.610786289305,14.235785526589,11969,41.521623,14.245621,village,Longano,94024,12342.173,1146486
94023,Isernia,ISAA83402B,SAN PIETRO CELESTINO,CONTRADA ACQUA SOLFUREA,41.617699926827,14.234737631882,11969,41.521623,14.245621,village,Longano,94024,12877.259,1185300
94023,Isernia,ISAA822047,SCUOLA MATERNA STAT. SAN LAZZAR,VIA ALDO MORO,41.610786289305,14.235785526589,11969,41.521623,14.245621,village,Longano,94024,12342.173,1146486
94023,Isernia,ISAA83401A,ISERNIA S.GIOVANNI BOSCO,ZONA PIP MIRANDA,41.622086558,14.219035001,11969,41.521623,14.245621,village,Longano,94024,13637.655,1264171
94023,Isernia,IS1A003008,SAN PIETRO CELESTINO,VICO II ALFERIO N. 1,41.590602034049,14.227479426293,11969,41.521623,14.245621,village,Longano,94024,9520.7,805503
94040,Roccamandolfi,ISAA82611V,ROCCAMANDOLFI CAPOLUOGO,CORSO UMBERTO 1,41.495829979654,14.351880016901,11969,41.521623,14.245621,village,Longano,94024,18753.008,2244576
94024,Longano,ISAA81514G,SCUOLA MATERNA LONGANO,VIA MARCONI,41.525406917969,14.251748224285,11969,41.521623,14.245621,village,Longano,94024,819.6,96176
94034,Pettoranello del Molise,ISAA81210X,SCUOLA MAT.STATALE PETTORANELLO,VIA PASTINA,41.57403095602,14.280064212966,11958,41.521724,14.292322,village,Castelpizzuto,94011,18510.79,1755359
94024,Longano,ISAA81514G,SCUOLA MATERNA LONGANO,VIA MARCONI,41.525406917969,14.251748224285,11958,41.521724,14.292322,village,Castelpizzuto,94011,4065.776,320004
94040,Roccamandolfi,ISAA82611V,ROCCAMANDOLFI CAPOLUOGO,CORSO UMBERTO 1,41.495829979654,14.351880016901,11958,41.521724,14.292322,village,Castelpizzuto,94011,11544.873,2147649
94010,Castelpetroso,ISAA82609Q,CASTELPETROSO INDIPRETE,PASTENA,41.553026391619,14.324047628004,11958,41.521724,14.292322,village,Castelpizzuto,94011,12205.712,2134058
94034,Pettoranello del Molise,ISAA81210X,SCUOLA MAT.STATALE PETTORANELLO,VIA PASTINA,41.57403095602,14.280064212966,11987,41.559425,14.345023,village,Castelpetroso,94010,8425.642,551907
94008,Carpinone,ISAA812111,SCUOLA DELL'INFANZIA CARPINONE,VIA SALITA COLLE131,41.591031869583,14.324970422349,11987,41.559425,14.345023,village,Castelpetroso,94010,5514.128,382725
94010,Castelpetroso,ISAA82609Q,CASTELPETROSO INDIPRETE,PASTENA,41.553026391619,14.324047628004,11987,41.559425,14.345023,village,Castelpetroso,94010,3556.963,228642
94026,Macchiagodena,ISAA82604E,MACCHIAGODENA,PARCO DELLA RIMEMBRANZA,41.557515,14.404952204,11989,41.521825,14.392925,village,Cantalupo nel Sannio,94005,6460.694,585786
94040,Roccamandolfi,ISAA82611V,ROCCAMANDOLFI CAPOLUOGO,CORSO UMBERTO 1,41.495829979654,14.351880016901,11989,41.521825,14.392925,village,Cantalupo nel Sannio,94005,6419.072,510516
94005,Cantalupo nel Sannio,ISAA82610T,CANTALUPO NEL SANNIO,VIA FIUME,41.526970759278,14.380340893426,11989,41.521825,14.392925,village,Cantalupo nel Sannio,94005,1562.822,188378
94026,Macchiagodena,ISAA82604E,MACCHIAGODENA,PARCO DELLA RIMEMBRANZA,41.557515,14.404952204,11990,41.5314565,14.3910416,suburb,Cantalupo nel Sannio,94005,4957.994,491816
94040,Roccamandolfi,ISAA82611V,ROCCAMANDOLFI CAPOLUOGO,CORSO UMBERTO 1,41.495829979654,14.351880016901,11990,41.5314565,14.3910416,suburb,Cantalupo nel Sannio,94005,7254.248,568308
94005,Cantalupo nel Sannio,ISAA82610T,CANTALUPO NEL SANNIO,VIA FIUME,41.526970759278,14.380340893426,11990,41.5314565,14.3910416,suburb,Cantalupo nel Sannio,94005,1876.984,213418
94002,Agnone,ISAA82901V,SCUOLA DELL'INFANZIA P. MICCA,VIA PIETRO MICCA N. 4,41.806410002432,14.368750021965,11961,41.823931,14.422121,village,Belmonte del Sannio,94004,6290.074,427930
94002,Agnone,ISAA829031,AGNONE PIAZZA DEL POPOLO,PIAZZA DEL POPOLO 31/A,41.80723000402,14.372939967724,11961,41.823931,14.422121,village,Belmonte del Sannio,94004,6235.653,417235
94004,Belmonte del Sannio,ISAA829042,BELMONTE DEL SANNIO,VIA CARDARELLI,41.824001276634,14.422373012951,11961,41.823931,14.422121,village,Belmonte del Sannio,94004,16.239,974
94034,Pettoranello del Molise,ISAA81210X,SCUOLA MAT.STATALE PETTORANELLO,VIA PASTINA,41.57403095602,14.280064212966,11959,41.590426,14.323322,village,Carpinone,94008,10046.427,668012
94026,Macchiagodena,ISAA82604E,MACCHIAGODENA,PARCO DELLA RIMEMBRANZA,41.557515,14.404952204,11959,41.590426,14.323322,village,Carpinone,94008,13093.972,863811
94031,Pesche,ISAA81209T,PESCHE CAPOLUOGO,VIA GIOVANNI XXIII,41.609198521856,14.276984192387,11959,41.590426,14.323322,village,Carpinone,94008,6806.764,546224
94031,Pesche,IS1A00800B,MARIA IMMACOLATA,VIA S. CHIARA 3,41.610109979105,14.281990031843,11959,41.590426,14.323322,village,Carpinone,94008,6698.988,533290
94022,Frosolone,ISAA82602C,SC.LA MAT. STAT. FROSOLONE CAP.,PIAZZA A. VOLTA,41.600195004884,14.4476900317,11959,41.590426,14.323322,village,Carpinone,94008,22489.677,1417772
94010,Castelpetroso,ISAA82609Q,CASTELPETROSO INDIPRETE,PASTENA,41.553026391619,14.324047628004,11959,41.590426,14.323322,village,Carpinone,94008,7193.156,508424
94008,Carpinone,ISAA812111,SCUOLA DELL'INFANZIA CARPINONE,VIA SALITA COLLE131,41.591031869583,14.324970422349,11959,41.590426,14.323322,village,Carpinone,94008,259.811,31178
94006,Capracotta,ISAA81204L,CAPRACOTTA,VIA NICOLA FALCONI,41.833850002035,14.265390032626,11978,41.790629,14.182216,village,San Pietro Avellana,94043,15512.474,925922
94051,Vastogirardi,IS1A011007,PASQUALA SCOCCHERA,VIA 18 SETTEMBRE,41.773064665324,14.259893083258,11978,41.790629,14.182216,village,San Pietro Avellana,94043,11383.412,718248
94043,San Pietro Avellana,IS1A01000B,G. COLAIANNI,VIA ALFIERI N. 13,41.789356325401,14.182703960983,11978,41.790629,14.182216,village,San Pietro Avellana,94043,210.3,18042
94037,Poggio Sannita,ISAA829064,POGGIO SANNITA CAPOLUOGO,VIA EDIFICI SCOLASTICI,41.771245,14.431289741,11960,41.667928,14.403823,village,Civitanova del Sannio,94016,23696.473,2073905
94003,Bagnoli del Trigno,ISAA82607N,BAGNOLI DEL TRIGNO,PIAZZA MARCONI,41.703986901233,14.457621015913,11960,41.667928,14.403823,village,Civitanova del Sannio,94016,10246.052,751794
94022,Frosolone,ISAA82602C,SC.LA MAT. STAT. FROSOLONE CAP.,PIAZZA A. VOLTA,41.600195004884,14.4476900317,11960,41.667928,14.403823,village,Civitanova del Sannio,94016,11605.387,850828
94032,Pescolanciano,ISAA81205N,PESCOLANCIANO,VIA CAIROLI,41.67846431041,14.335948314902,11960,41.667928,14.403823,village,Civitanova del Sannio,94016,11074.962,894315
94016,Civitanova del Sannio,ISAA82601B,CIVITANOVA DEL SANNIO,VIA CARDARELLI,41.667770679152,14.403741022449,11960,41.667928,14.403823,village,Civitanova del Sannio,94016,1.472,177
94002,Agnone,ISAA82901V,SCUOLA DELL'INFANZIA P. MICCA,VIA PIETRO MICCA N. 4,41.806410002432,14.368750021965,11986,41.76643,14.397621,village,Castelverrino,94013,10589.837,830069
94002,Agnone,ISAA829031,AGNONE PIAZZA DEL POPOLO,PIAZZA DEL POPOLO 31/A,41.80723000402,14.372939967724,11986,41.76643,14.397621,village,Castelverrino,94013,9932.577,834836
94037,Poggio Sannita,ISAA829064,POGGIO SANNITA CAPOLUOGO,VIA EDIFICI SCOLASTICI,41.771245,14.431289741,11986,41.76643,14.397621,village,Castelverrino,94013,12341.04,1471975
94036,Pizzone,ISAA81511C,SCUOLA INFANZIA PIZZONE,PIAZZA MUNICIPIO 1,41.666820008153,14.035740026289,18440,41.6553834,14.0624272,village,Castel San Vincenzo,94012,3476.488,397644
94029,Montenero Val Cocchiara,ISAA81513E,IOVINE - MONTENERO V.,VIA NOSTRA SIGNORA DI LOURDES,41.712588199795,14.072576632443,18440,41.6553834,14.0624272,village,Castel San Vincenzo,94012,15197.223,1280571
94042,Rocchetta a Volturno,ISAA815077,ROCCHETTA AL VOLTURNO,VIALE SANDRO PERTINI,41.625654951994,14.086944661194,18440,41.6553834,14.0624272,village,Castel San Vincenzo,94012,5963.433,616012
94014,Cerro al Volturno,ISAA815066,CERRO AL VOLTURNO,VIA ALDO MORO,41.651880968,14.11534,18440,41.6553834,14.0624272,village,Castel San Vincenzo,94012,9392.461,799506
94012,Castel San Vincenzo,ISAA815099,CASTEL SAN VINCENZO,PIAZZA SAN PIETRO,41.656399594963,14.062643463133,18440,41.6553834,14.0624272,village,Castel San Vincenzo,94012,455.141,54617
94016,Civitanova del Sannio,ISAA82601B,CIVITANOVA DEL SANNIO,VIA CARDARELLI,41.667770679152,14.403741022449,11984,41.6778469,14.3855378,village,Chiauci,94015,10269.837,770443
94032,Pescolanciano,ISAA81205N,PESCOLANCIANO,VIA CAIROLI,41.67846431041,14.335948314902,11984,41.6778469,14.3855378,village,Chiauci,94015,5521.483,420964
94017,Colli a Volturno,ISAA81519R,SCUOLA INFANZIA DI COLLI A VOLTURNO,Non Disponibile,41.59937,14.10582,11981,41.545332,14.0561754,village,Filignano,94019,13706.722,1000469
94017,Colli a Volturno,IS1A00100L,SANTA MARIA ASSUNTA,VIA RISORGIMENTO N. 10,41.59905999042,14.103479969363,11981,41.545332,14.0561754,village,Filignano,94019,13633.244,999560
94048,Scapoli,ISAA81512D,SCUOLA DELL'INFANZIA SCAPOLI,VIA TERTAGLIONE,41.613223318938,14.058736054511,11981,41.545332,14.0561754,village,Filignano,94019,18508.837,1485766
94038,Pozzilli,ISAA82505Q,FRANCESCO IOVINE,VIA DEL CARABINIERE SNC,41.51322,14.07991684,11981,41.545332,14.0561754,village,Filignano,94019,8247.425,756624
94038,Pozzilli,IS1A00600Q,MARIA AUSILIATRICE,PIAZZA G. PEPE N. 2,41.512902304589,14.061527492317,11981,41.545332,14.0561754,village,Filignano,94019,6245.879,508224
94042,Rocchetta a Volturno,ISAA815077,ROCCHETTA AL VOLTURNO,VIALE SANDRO PERTINI,41.625654951994,14.086944661194,11981,41.545332,14.0561754,village,Filignano,94019,17440.532,1333965
94028,Montaquila,ISAA81517P,SC. MAT. STAT. MONTAQUILA CAP.,VIA MASSERIE LA CORTE,41.547459698784,14.120522489154,11981,41.545332,14.0561754,village,Filignano,94019,7073.506,622830
94028,Montaquila,ISAA81518Q,MONTAQUILA ROCCARAVINDOLA,VIA STARZE,41.525055851691,14.122165386814,11981,41.545332,14.0561754,village,Filignano,94019,10609.813,820104
94019,Filignano,ISAA82504P,FILIGNANO CAPOLUOGO,VIA MILANO,41.578135,14.017191848,11981,41.545332,14.0561754,village,Filignano,94019,10053.855,1021981
94017,Colli a Volturno,ISAA81519R,SCUOLA INFANZIA DI COLLI A VOLTURNO,Non Disponibile,41.59937,14.10582,11982,41.5852982,14.0207307,village,Filignano,94019,17197.505,1116114
94017,Colli a Volturno,IS1A00100L,SANTA MARIA ASSUNTA,VIA RISORGIMENTO N. 10,41.59905999042,14.103479969363,11982,41.5852982,14.0207307,village,Filignano,94019,17028.664,1109483
94048,Scapoli,ISAA81512D,SCUOLA DELL'INFANZIA SCAPOLI,VIA TERTAGLIONE,41.613223318938,14.058736054511,11982,41.5852982,14.0207307,village,Filignano,94019,12357.331,918311
94038,Pozzilli,ISAA82505Q,FRANCESCO IOVINE,VIA DEL CARABINIERE SNC,41.51322,14.07991684,11982,41.5852982,14.0207307,village,Filignano,94019,16398.177,1374594
94038,Pozzilli,IS1A00600Q,MARIA AUSILIATRICE,PIAZZA G. PEPE N. 2,41.512902304589,14.061527492317,11982,41.5852982,14.0207307,village,Filignano,94019,14396.631,1126194
94042,Rocchetta a Volturno,ISAA815077,ROCCHETTA AL VOLTURNO,VIALE SANDRO PERTINI,41.625654951994,14.086944661194,11982,41.5852982,14.0207307,village,Filignano,94019,15644.912,1284719
94028,Montaquila,ISAA81517P,SC. MAT. STAT. MONTAQUILA CAP.,VIA MASSERIE LA CORTE,41.547459698784,14.120522489154,11982,41.5852982,14.0207307,village,Filignano,94019,15224.258,1240800
94028,Montaquila,ISAA81518Q,MONTAQUILA ROCCARAVINDOLA,VIA STARZE,41.525055851691,14.122165386814,11982,41.5852982,14.0207307,village,Filignano,94019,18760.565,1438074
94019,Filignano,ISAA82504P,FILIGNANO CAPOLUOGO,VIA MILANO,41.578135,14.017191848,11982,41.5852982,14.0207307,village,Filignano,94019,1999.137,473155
